Scraped At,Section,Product Name,Discount,Rating
2026-02-15,Accessories,Blubby Multi Clutcher ( Pack of 1 ),42,2.5
2026-02-15,Accessories,Ezybe Self Adhesive Kichen Shelf Light Blue Plastic Storage Racks (Pack of 2),42,3.9
2026-02-15,Accessories,AUTOGROOMZ Windshield Only Double Clamp Car Mobile Holder - Black,44,1.3
2026-02-15,Accessories,"Portronics Clamp M3 Adjustable Car Mobile Phone Holder Stand for Dashboard & Windshield, 360degree Rotational, Strong Suction Cup, Compatible with 4 to 6 inch Devices(Black)",36,4.3
2026-02-15,Accessories,QitmirMKT NEW KEYCHAIN LIGHTER WITH HIGH POWER LIGHT Multicolor Multipurpose Car Cigarette Lighter ( Pack of 1 ),30,1.6
2026-02-15,Accessories,"5 In 1 Multi Pin Universal Portable Adapter And Car Mobile Charging Cable For (iPhone,Type C and Micro USB)",34,2.0
2026-02-15,Accessories,"Aksmit Pack of -1 Car Gear Knob Protector Gear Shifter Cover for Anti-Scratch Car Gear Knob Cover and Dust Proof Nonslip Gear Cover for Car Universal Fit Silicon Car Gear Knob Stylish- Black, Silicone Rubber",49,2.0
2026-02-15,Accessories,"delhideals Indian Flag for Car Dashboard, Office Table, Study Table & Drawing Table",42,2.7
2026-02-15,Accessories,"GEEO Universal Car Steering Knob, Car Steering Wheel Knob, Steering Wheel Spinner Knob, 360° Rotation Booster (3R Original)",49,2.8
2026-02-15,Accessories,Aksmit Premium Metal Key Cover Compitable for Maruti Suzuki Ignis,8,2.0
2026-02-15,Accessories,Car Ashtrays Multi Color,38,3.5
2026-02-15,Accessories,Vertical9 Car Mobile Charger 3_in_1 cable Multicolour,33,3.6
2026-02-15,Accessories,GEEO Accu Pressure Bead Back / Lumbar Support Single Black,29,3.1
2026-02-15,Accessories,12 LED Multicolor Music Controlled Sound Activated for Car Interior Atmosphere Light (Works with All Cars) Pack Of-1,38,4.0
2026-02-15,Accessories,CRAYLUXE Accu Pressure Bead Back / Lumbar Support Single Black,6,2.6
2026-02-15,Accessories,RONISH Neck Cushions Set of 2 Black,17,2.7
2026-02-15,Accessories,JAGIRA DIVINE TOUCH Multicolor Plastic Storage Racks ( Pack of 1 ),17,2.8
2026-02-15,Accessories,Tender care Memory Foam Back / Lumbar Support Single Black,13,3.0
2026-02-15,Accessories,"TANTRA Car Armrest Cover Cushion with 2 Storage Bags - Soft, Comfortable, Non-Slip Protector for Vehicle Center Console - Waterproof, Durable, and Stylish",24,4.5
2026-02-15,Accessories,Aksmit 4 Pieces 12 LED DC 12V Multicolour Music Car Strip Atmosphere Lamp Light for Car Interior Under Dash Lighting Kit with Sound Active Function and Wireless Control,30,4.3
2026-02-15,Accessories,Anshri White Plastic Storage Racks ( Pack of 4 ),41,4.0
2026-02-15,Accessories,Blubby Multi Rubber Band ( Pack of 30 ),12,3.7
2026-02-15,Accessories,RONISH Steering Cover Leatherite,33,3.2
2026-02-15,Accessories,"TANTRA Car Armrest Cover Cushion with 2 Storage Bags - Soft, Comfortable, Non-Slip Protector for Vehicle Center Console - Waterproof, Durable, and Stylish",7,4.3
2026-02-15,Accessories,mahek accessories for Headrest Black,43,2.7
2026-02-15,Accessories,"Aksmit Waterproof and Non-slip Leather Floor Mats, Car Floor Mat Accessories, Black gold",30,1.3
2026-02-15,Accessories,Digital Car Dashboard Alarm Clock and Stopwatch With Flexible Stand,12,4.2
2026-02-15,Accessories,Sonal Brown Plastic Storage Racks ( Pack of 1 ),20,1.7
2026-02-15,Accessories,Anshri White Plastic Kitchen Dispenser ( Pack of 2 ),39,3.8
2026-02-15,Accessories,Winstar - Silver Stainless Steel Wall mount Stand ( Pack of 1 ),17,2.0
2026-02-15,Accessories,"48Inch Ice Blue & Red DRL LED Brake with Side Turn Signal & Parking Indication Trunk,Boot,Dicky Light For Innova 2005-12",34,3.3
2026-02-15,Accessories,AKSMIT Dashboard Fan Black,29,2.9
2026-02-15,Accessories,"Premium Car Seat Belt Cover - Comfort & Safety Enhancer - Adjustable, Soft, & Stylish - Universal Fit for All Vehicles",51,2.8
2026-02-15,Accessories,4 Color 17 CM DRL Strip,29,1.6
2026-02-15,Accessories,Bhavyta Night Vision Visor Plastic Yellow,7,4.7
2026-02-15,Accessories,CarFrill Gear Knob Silicone for 5 Speed Gear,42,4.3
2026-02-15,Accessories,CarFrill Gear Knob Metallic for 5 Speed Gear,9,4.1
2026-02-15,Accessories,"4pcs Universal Fit Magnetic Car Side Window Curtains, Foldable Car Window Privacy Curtains Sunshade Side Magnet Pleated - Removable - Keeps Cooler Screen for Baby (Car Curtain-Black)",24,1.8
2026-02-15,Accessories,"Portronics Car Power 5 Car Charger with Dual USB Ports ,Black (POR 1345) wihtout cable",53,1.6
2026-02-15,Accessories,SWASTICK Black Stainless Steel Storage Racks ( Pack of 2 ),12,2.1
2026-02-15,Accessories,Rhosyn Gold Women's Hair Clip ( Pack of 1 ),46,2.3
2026-02-15,Accessories,swanoll Light Grey Plastic Kitchen Trolleys ( Pack of 1 ),22,3.6
2026-02-15,Accessories,"Car Sunshade Windshield Cover, Umbrella Windshield Sunshade for Car Front Window Sun Protection & Heat Insulation Foldable Sun Shade Full Cover Sunshade for Most Vehicles,",39,1.5
2026-02-15,Accessories,star light for car interior,15,1.6
2026-02-15,Accessories,RONISH Steering Cover Leatherite,23,2.0
2026-02-15,Accessories,"Portronics 51W Car Power 16 Fast Car Charger with Dual Output, 51 Watts Total (18W USB + 33W Type C PD), Fast Charging, Adapter for iPhone & Android Smartphones and Tablets (Black)",46,1.7
2026-02-15,Accessories,"Premium Metal Key Cover Compitable for Suzuki Swift|Ertiga|Wagonr|Celerio|Swift Dzire|Alto|Fronx|Breza|S Presso|Ignis 2 Button Remote Key, Brown and Black",36,1.9
2026-02-15,Accessories,Crust Laptop Charger / Inverter N80 Black,22,3.9
2026-02-15,Accessories,JVG Neck Cushions Set of 2 Black,49,2.5
2026-02-15,Accessories,"Masala Rangoli Box Dabba for Keeping Spices, Spice Box for Kitchen, Plastic Wooden Style Masala Box, Masala Container, Masala Dabba",43,2.4
2026-02-15,Accessories,"SIAGO Premium Car Keys Keychain - Durable Metal Key Holder for Cars, Bike Key Chain",35,2.6
2026-02-15,Accessories,Anshri Multicolor Plastic Wall mount Stand ( Pack of 2 ),24,1.5
2026-02-15,Accessories,JISUN - Silver Stainless Steel Storage Racks ( Pack of 2 ),38,2.2
2026-02-15,Accessories,SPIX Black Stainless Steel Storage Racks ( Pack of 2 ),17,4.4
2026-02-15,Accessories,Anshri Silver Steel Kitchen Cloth Hook ( Pack of 2 ),8,2.3
2026-02-15,Accessories,"KP Mart Multi Functional Makeup Storage Box with Holder Dust Proof Cosmetic Organizer Water Proof Box for Desktop Bathroom, Dresser, Vanity and Countertop Cosmetic Box Plastic",49,3.3
2026-02-15,Accessories,"KTU Car Plastic Backseat Headrest Hook/Hanger Universal Durable Organiser Space Saver for Handbag, Wallets, Grocery Bags (Black, Pack of 4)",18,1.8
2026-02-15,Accessories,Anshri Black Plastic Kitchen Dispenser ( Pack of 2 ),39,1.2
2026-02-15,Accessories,GEEO White Plastic Wall mount Stand ( Pack of 1 ),54,3.6
2026-02-15,Accessories,KP Mart Electronic Kitchen Digital Weighing Scale Multipurpose 10 Kg (SF 400A),31,1.7
2026-02-15,Footwear,Cozy Wear Black Men's Daily Slipper,31,1.7
2026-02-15,Footwear,Xtoon Grey Men's Outdoor Shoes,48,1.8
2026-02-15,Footwear,AROTEK Grey Men's Daily Slipper,10,2.8
2026-02-15,Footwear,Citipiti ind. Green Women's Flats,20,3.5
2026-02-15,Footwear,Dream Makers - Black Women's Sandal Heels,20,3.3
2026-02-15,Footwear,Cozy Wear Brown Men's Daily Slipper,51,4.2
2026-02-15,Footwear,KATENIA - Black Men's Oxford Formal Shoes,20,3.7
2026-02-15,Footwear,FUSEOWL Maroon Women's Flip Flop,8,2.6
2026-02-15,Footwear,Squash Black Men's Thong Flip Flop,20,2.9
2026-02-15,Footwear,YNP Design Collections Brown Women's Ethnic Ballerinas,23,4.5
2026-02-15,Footwear,Densu Black Men's Korean Shoes,31,1.4
2026-02-15,Footwear,Cozy Wear Olive Men's Daily Slipper,6,1.9
2026-02-15,Footwear,hanuco Height Increasing Insoles,23,3.1
2026-02-15,Footwear,hanuco Orthopaedic Insoles,9,4.2
2026-02-15,Footwear,PERY PAO Blue Men's Slide Flip Flop,49,4.7
2026-02-15,Footwear,BHAVYTA COSMETIC Cream Polish Suitable for White Color,6,4.3
2026-02-15,Footwear,PENNEN Green Women's Flats,44,2.5
2026-02-15,Footwear,BEE U NIK Black Men's Thong Flip Flop,47,2.7
2026-02-15,Footwear,Z Brown Men's Slide Flip Flop,43,2.3
2026-02-15,Footwear,ROGZI Cream Polish Suitable for Neutral Color,16,2.5
2026-02-15,Footwear,lyvi Black Men's Daily Slipper,12,1.6
2026-02-15,Footwear,Campus Oxyfit (N) Navy Blue Men's Slip-on Shoes,55,4.7
2026-02-15,Footwear,Cozy Wear Black Men's Daily Slipper,50,1.2
2026-02-15,Footwear,Paduki Gray Women's Flats,7,3.6
2026-02-15,Footwear,Shoetopia Beige Women's Sandal Heels,54,1.3
2026-02-15,Footwear,LiteHawks Green Men's Daily Slipper,15,1.3
2026-02-15,Footwear,Leeport - Black Men's Derby Formal Shoes,40,4.0
2026-02-15,Footwear,FUSEOWL Light Grey Women's Toe Covered Flip Flop,31,1.6
2026-02-15,Footwear,Shoetopia Black Women's Casual Ballerinas,33,3.6
2026-02-15,Footwear,Modern Stylish Latest Kids Girls And Kids Boys Clog Flip Flops,47,3.1
2026-02-15,Footwear,Xtoon Multi Color Men's Korean Shoes,23,3.2
2026-02-15,Footwear,WildProducts All Type Shoes Cleaner,46,2.0
2026-02-15,Footwear,PENNEN White Men's Lifestyle Shoes,29,4.6
2026-02-15,Footwear,HANSWING All Type Shoes Cleaner,48,4.4
2026-02-15,Footwear,ZYPSO Zypso Men?s Grey Synthetic Grey Men's Lifestyle Shoes,30,4.3
2026-02-15,Footwear,PENNEN White Men's Lifestyle Shoes,19,1.6
2026-02-15,Footwear,MAAN Black Women's Gladiators Flats,12,3.1
2026-02-15,Footwear,"ADISO Trendy ,outdoor stylish casual White Men's Outdoor Shoes",47,3.0
2026-02-15,Footwear,Seafoot White Men's Outdoor Shoes,16,2.8
2026-02-15,Footwear,Radhe Creation Cream Polish Suitable for Black Color,10,3.0
2026-02-15,Footwear,Altek PeachPuff Women's Flats,15,3.9
2026-02-15,Footwear,Stylestry Gray Women's Sandal Heels,54,1.4
2026-02-15,Footwear,FUSEOWL Purple Women's Toe Covered Flip Flop,14,1.2
2026-02-15,Footwear,KARADDI Brown Women's Formal Ballerinas,17,3.5
2026-02-15,Footwear,Aadi Black Men's Derby Formal Shoes,17,3.6
2026-02-15,Footwear,secritas Boys & Girls Slip On Slipper Flip Flop,54,2.5
2026-02-15,Footwear,xerus Brown Polyester Durable 150cm Round Lace,27,2.8
2026-02-15,Footwear,Paduki Silver Women's Flats,44,4.6
2026-02-15,Footwear,Stylestry Silver Women's Flats,25,3.4
2026-02-15,Footwear,Citipiti ind. Gray Women's Flats,18,3.3
2026-02-15,Footwear,Paduki Gold Women's Flats,8,2.6
2026-02-15,Footwear,PENNEN Blue Women's Flats,21,2.1
2026-02-15,Footwear,Altek Silver Women's Flats,9,2.8
2026-02-15,Footwear,Skindora Cream Polish Suitable for MultiColor Color,22,3.8
2026-02-15,Footwear,KHADIM Beige Flats,50,2.8
2026-02-15,Footwear,Paduki White Women's Flats,12,2.4
2026-02-15,Footwear,Stylestry Black Women's Flats,12,4.3
2026-02-15,Footwear,IKAGI Brown Women's Flats,48,1.8
2026-02-15,Footwear,PM Traders Black Women's Flats,40,1.7
2026-02-15,Footwear,RITA-KIDS-HAWAI-MINIPANDA5STUDD-SLIPPER,14,2.7
2026-02-15,Kids Fashion,Cool and NIce kids Multi color Bermuda pack of 5,48,4.8
2026-02-15,Kids Fashion,"A.W.A KIDS FASHION Cotton Frock For Girls ( Pack of 1 , Blue )",18,1.5
2026-02-15,Kids Fashion,"A.W.A KIDS FASHION Cotton Blend Frock For Girls ( Pack of 1 , Pink )",41,2.8
2026-02-15,Kids Fashion,"A.W.A KIDS FASHION Cotton Blend Frock For Girls ( Pack of 1 , Light Blue )",14,1.5
2026-02-15,Kids Fashion,"Villata fashion Net Frock For Girls ( Pack of 1 , Red )",14,2.5
2026-02-15,Kids Fashion,"Arshia Fashions Girls Cotton Blend Kurti with Sharara ( Pack of 1 , Pink )",11,2.9
2026-02-15,Kids Fashion,"Arshia Fashions Cotton Blend Shirt Dress For Girls ( Pack of 1 , Blue )",20,4.7
2026-02-15,Kids Fashion,"Nios Fashion Girls Cotton Polyester Jeans ( Pack of 2 , Multicolor 1 )",7,3.1
2026-02-15,Kids Fashion,"PMD Fashion Net Lehenga Choli Set For Girls ( Pack of 1 , Charcoal )",6,2.9
2026-02-15,Kids Fashion,"Arshia Fashions Boys Cotton Ethnic - Pattern Kurta Pant Set ( Yellow , Pack of 1 )",50,2.5
2026-02-15,Kids Fashion,NI FASHION Pack of 1 Boys Cotton Blend T-Shirt ( Green ),16,3.3
2026-02-15,Kids Fashion,"Villata fashion Net Frock For Girls ( Pack of 1 , White )",35,2.3
2026-02-15,Kids Fashion,"Arshia Fashions Net Lehenga Choli Sets For Girls ( , Blue )",20,2.9
2026-02-15,Kids Fashion,s muktar garments - Green Cotton Blend Boys Professional Costume ( Pack of 1 ),42,1.8
2026-02-15,Kids Fashion,"Arshia Fashions Polyester Shirt Dress For Girls ( Pack of 1 , Multicolor )",44,1.3
2026-02-15,Kids Fashion,"Villata fashion Net Frock For Girls ( Pack of 1 , Red )",24,3.4
2026-02-15,Kids Fashion,NAYPAL FASHION STYLE Pack of 1 Boys & Girls Cotton Blend T-Shirt ( Pink ),50,2.1
2026-02-15,Kids Fashion,"Arshia Fashions Net Frock For Girls ( Pack of 1 , Light Blue )",15,2.1
2026-02-15,Kids Fashion,"Villata fashion Net Frock For Girls ( Pack of 1 , Red )",17,3.2
2026-02-15,Kids Fashion,"Arshia Fashions Polyester Fit And Flare Dress For Girls ( Pack of 1 , Blue )",6,4.5
2026-02-15,Kids Fashion,"Villata fashion Net Frock For Girls ( Pack of 1 , Pink )",38,1.4
2026-02-15,Kids Fashion,"Arshia Fashions Net Lehenga Choli Sets For Girls ( , Red )",52,3.8
2026-02-15,Kids Fashion,"Arshia Fashions Girls Cotton Blend Patiala Kurta Set ( Pack of 1 , Green )",30,4.0
2026-02-15,Kids Fashion,"Nios Fashion Girls Cotton Polyester Jeans ( Pack of 2 , Multicolor 4 )",19,1.3
2026-02-15,Kids Fashion,"Vidya Fashions Net Frock For Girls ( Pack of 1 , Pink )",15,2.6
2026-02-15,Kids Fashion,Arshia Fashions Boys Cotton Yellow Kurta Pant Set ( Pack of 1 ),7,1.8
2026-02-15,Kids Fashion,NI FASHION Pack of 1 Boys Cotton Blend T-Shirt ( Navy Blue ),17,1.7
2026-02-15,Kids Fashion,"Villata fashion Net Frock For Girls ( Pack of 1 , Red )",50,2.2
2026-02-15,Kids Fashion,KASEERA CUTE STYLISH AND TRENDING KIDS GYM VEST PACK OF 5,42,4.5
2026-02-15,Kids Fashion,"PMD Fashion Net Lehenga Choli Set For Girls ( Pack of 1 , Wine )",34,4.5
2026-02-15,Kids Fashion,"Villata fashion Net Frock For Girls ( Pack of 1 , White )",48,4.3
2026-02-15,Kids Fashion,NI FASHION Pack of 1 Boys Cotton Blend T-Shirt ( Black ),47,2.0
2026-02-15,Kids Fashion,"Villata fashion Net Frock For Girls ( Pack of 1 , Blue )",39,2.5
2026-02-15,Kids Fashion,"Arshia Fashions Polyester Blend Frock For Girls ( Pack of 1 , Red )",51,1.6
2026-02-15,Kids Fashion,"SUBRUNG FASHION Crepe Frock For Baby Girls ( Pack of 1 , Multicolor 1 )",23,1.9
2026-02-15,Kids Fashion,"Villata fashion Net Frock For Girls ( Pack of 1 , White )",47,1.7
2026-02-15,Kids Fashion,"Arshia Fashions Net Lehenga Choli Set For Girls ( Pack of 1 , Green )",32,2.3
2026-02-15,Kids Fashion,NI FASHION Pack of 1 Boys Cotton Blend T-Shirt ( Multicolor ),51,2.0
2026-02-15,Kids Fashion,"A.W.A KIDS FASHION Cotton Blend Frock For Girls ( Pack of 1 , Black )",32,4.0
2026-02-15,Kids Fashion,"samjho fashion Net Frock For Baby Girls ( Pack of 1 , Green )",26,2.0
2026-02-15,Kids Fashion,"Villata fashion Net Frock For Girls ( Pack of 1 , Pink )",39,1.4
2026-02-15,Kids Fashion,"Nios Fashion Girls Cotton Polyester Jeans ( Pack of 2 , Multicolor 5 )",53,4.0
2026-02-15,Kids Fashion,VASTRAVEDA Boys Rayon Beige Kurta Pyjama Set ( Pack of 1 ),15,1.5
2026-02-15,Kids Fashion,NI FASHION Pack of 1 Boys Cotton Blend T-Shirt ( Purple ),47,3.3
2026-02-15,Kids Fashion,"PMD Fashion Net Lehenga Choli Set For Girls ( Pack of 1 , Rust )",31,4.5
2026-02-15,Kids Fashion,"Villata fashion Net Frock For Girls ( Pack of 1 , Blue )",23,3.1
2026-02-15,Kids Fashion,NI FASHION Pack of 1 Boys Cotton Blend Polo T-Shirt ( White ),31,2.0
2026-02-15,Kids Fashion,"Villata fashion Net Frock For Girls ( Pack of 1 , Pink )",13,3.7
2026-02-15,Kids Fashion,NI FASHION Pack of 1 Boys Cotton Blend T-Shirt ( Maroon ),11,4.0
2026-02-15,Kids Fashion,"Dhvra Fashion Girls Georgette Kurti with Palazzo ( Pack of 1 , BLUE )",50,4.5
2026-02-15,Kids Fashion,"Villata fashion Net Frock For Girls ( Pack of 1 , White )",48,2.1
2026-02-15,Kids Fashion,"Arshia Fashions Polyester Fit And Flare Dress For Girls ( Pack of 1 , Purple )",14,2.4
2026-02-15,Kids Fashion,"Villata fashion Net Frock For Girls ( Pack of 1 , Red )",24,2.6
2026-02-15,Kids Fashion,"A.W.A KIDS FASHION Cotton Blend Frock For Girls ( Pack of 1 , Red )",50,4.6
2026-02-15,Kids Fashion,"KV Fashion Net Frock For Girls ( Pack of 1 , Green )",46,2.7
2026-02-15,Kids Fashion,NI FASHION Pack of 1 Boys Cotton Blend T-Shirt ( Red ),21,1.6
2026-02-15,Kids Fashion,"Villata fashion Net Frock For Girls ( Pack of 1 , Pink )",24,1.5
2026-02-15,Kids Fashion,"Arshia Fashions Baby Girls Cotton Blend Kurti with Salwar ( Pack of 1 , Green )",29,3.8
2026-02-15,Kids Fashion,"A.W.A KIDS FASHION Cotton Blend Frock For Girls ( Pack of 1 , Blue )",13,4.0
2026-02-15,Kids Fashion,NI FASHION Pack of 1 Boys Cotton Blend T-Shirt ( Sky Blue ),27,3.2
2026-02-15,Men Clothing,Mashaykh Polyester Men's Windcheater Jacket - Black ( Pack of 1 ),16,4.2
2026-02-15,Men Clothing,TrendsTalk Nylon Men's Windcheater Jacket - Gold ( Pack of 1 ),54,2.9
2026-02-15,Men Clothing,Mashaykh Polyester Men's Windcheater Jacket - White ( Pack of 1 ),40,1.2
2026-02-15,Men Clothing,Montrez Cotton Blend Men's Casual Jacket - White ( Pack of 1 ),29,4.5
2026-02-15,Men Clothing,Forbro Nylon Men's Windcheater Jacket - Black ( Pack of 1 ),20,4.2
2026-02-15,Men Clothing,IF-INDIAN FORT Polyester Men's Quilted & Bomber Jacket - Navy ( Pack of 1 ),10,3.5
2026-02-15,Men Clothing,eddicted Polyester Men's Puffer Jacket - Navy Blue ( Pack of 1 ),51,2.1
2026-02-15,Men Clothing,yellow tree Polyester Men's Casual Jacket - White ( Pack of 1 ),45,4.7
2026-02-15,Men Clothing,eddicted Polyester Men's Puffer Jacket - Blue ( Pack of 1 ),22,2.4
2026-02-15,Men Clothing,TrendsTalk Nylon Men's Windcheater Jacket - Blue ( Pack of 1 ),34,3.3
2026-02-15,Men Clothing,Forbro Nylon Men's Windcheater Jacket - Maroon ( Pack of 1 ),31,1.3
2026-02-15,Men Clothing,Montrez Cotton Blend Men's Casual Jacket - Olive ( Pack of 1 ),43,1.3
2026-02-15,Men Clothing,TAZO Nylon Men's Windcheater Jacket - Blue ( Pack of 1 ),38,3.7
2026-02-15,Men Clothing,FTX Denim Men's Denim Jacket - Light Blue ( Pack of 1 ),44,4.1
2026-02-15,Men Clothing,Reya Cotton Blend Men's Casual Jacket - Maroon ( Pack of 1 ),38,4.4
2026-02-15,Men Clothing,Christy World Polyester Men's Casual Jacket - Black ( Pack of 1 ),38,3.1
2026-02-15,Men Clothing,Rigo Polyester Men's Puffer Jacket - Grey ( Pack of 1 ),39,3.2
2026-02-15,Men Clothing,AZF Nylon Men's Windcheater Jacket - Navy ( Pack of 1 ),5,3.1
2026-02-15,Men Clothing,yellow tree Polyester Men's Casual Jacket - Multicolor ( Pack of 1 ),46,2.9
2026-02-15,Men Clothing,TAZO Nylon Men's Casual Jacket - Grey ( Pack of 1 ),48,1.5
2026-02-15,Men Clothing,Reya Cotton Blend Men's Casual Jacket - Black ( Pack of 1 ),26,1.5
2026-02-15,Men Clothing,Rigo Fleece Men's Casual Jacket - Grey ( Pack of 1 ),20,3.7
2026-02-15,Men Clothing,Mashaykh Polyester Men's Windcheater Jacket - Multicolor 2 ( Pack of 1 ),13,4.2
2026-02-15,Men Clothing,Forbro Nylon Men's Windcheater Jacket - White ( Pack of 1 ),17,4.2
2026-02-15,Men Clothing,Montrez Cotton Blend Men's Casual Jacket - Yellow ( Pack of 1 ),24,4.6
2026-02-15,Men Clothing,AZF Nylon Men's Casual Jacket - Wine ( Pack of 1 ),24,4.3
2026-02-15,Men Clothing,Eyebogler Polyester Men's Windcheater Jacket - Grey ( Pack of 1 ),10,3.5
2026-02-15,Men Clothing,AZF Nylon Men's Windcheater Jacket - Blue ( Pack of 1 ),7,4.2
2026-02-15,Men Clothing,Christy World Nylon Men's Windcheater Jacket - Black ( Pack of 1 ),28,2.2
2026-02-15,Men Clothing,Rigo Fleece Men's Blazer - Black ( Pack of 1 ),46,4.0
2026-02-15,Men Clothing,eddicted Nylon Men's Biker Jacket - Grey ( Pack of 1 ),14,2.1
2026-02-15,Men Clothing,yellow tree Polyester Men's Casual Jacket - Black ( Pack of 1 ),31,1.8
2026-02-15,Men Clothing,AZF Nylon Men's Windcheater Jacket - Dark Grey ( Pack of 1 ),20,3.8
2026-02-15,Men Clothing,Dollar Cotton Men's Casual Jacket - Navy ( Pack of 1 ),50,3.6
2026-02-15,Men Clothing,MAYKR Polyester Men's Windcheater Jacket - White ( Pack of 1 ),29,3.0
2026-02-15,Men Clothing,Rino Fleece Men's Casual Jacket - Black ( Pack of 1 ),25,3.3
2026-02-15,Men Clothing,FTX Polyester Men's Windcheater Jacket - Olive ( Pack of 1 ),17,4.2
2026-02-15,Men Clothing,Dollar Polyester Blend Men's Casual Jacket - Brown ( Pack of 1 ),52,2.4
2026-02-15,Men Clothing,eddicted Polyester Men's Windcheater Jacket - Grey ( Pack of 1 ),30,3.3
2026-02-15,Men Clothing,Reya Cotton Blend Men's Casual Jacket - Maroon ( Pack of 1 ),32,1.9
2026-02-15,Men Clothing,Leotude Fleece Men's Casual Jacket - Grey ( Pack of 1 ),37,1.6
2026-02-15,Men Clothing,SCOLLER Polyester Men's Windcheater Jacket - Black ( Pack of 1 ),15,4.5
2026-02-15,Men Clothing,eddicted Polyester Men's Biker Jacket - Grey ( Pack of 1 ),36,4.8
2026-02-15,Men Clothing,FTX Fleece Men's Casual Jacket - Mustard ( Pack of 1 ),33,3.0
2026-02-15,Men Clothing,TrendsTalk Nylon Men's Windcheater Jacket - Navy ( Pack of 1 ),16,2.4
2026-02-15,Men Clothing,Christy World Polyester Men's Casual Jacket - White ( Pack of 1 ),23,1.2
2026-02-15,Men Clothing,Leotude Cotton Men's Casual Jacket - Black ( Pack of 1 ),24,1.4
2026-02-15,Men Clothing,FLIRTY SOUL Polyester Men's Casual Jacket - White ( Pack of 1 ),39,1.3
2026-02-15,Men Clothing,FTX Fleece Men's Casual Jacket - Olive ( Pack of 1 ),15,4.0
2026-02-15,Men Clothing,TrendsTalk Nylon Men's Windcheater Jacket - Olive ( Pack of 1 ),5,2.0
2026-02-15,Men Clothing,yellow tree Polyester Men's Casual Jacket - Multicolor ( Pack of 1 ),40,4.1
2026-02-15,Men Clothing,eddicted Polyester Men's Biker Jacket - Navy Blue ( Pack of 1 ),9,2.1
2026-02-15,Men Clothing,4B Nylon Men's Windcheater Jacket - White ( Pack of 1 ),6,3.4
2026-02-15,Men Clothing,EPPE Fleece Men's Casual Jacket - Brown ( Pack of 1 ),10,3.3
2026-02-15,Men Clothing,Rigo Fleece Men's Casual Jacket - Olive ( Pack of 1 ),46,3.0
2026-02-15,Men Clothing,eddicted Polyester Men's Windcheater Jacket - Grey ( Pack of 1 ),40,2.5
2026-02-15,Men Clothing,SCOLLER Polyester Men's Windcheater Jacket - Navy Blue ( Pack of 1 ),21,4.7
2026-02-15,Men Clothing,FTX Polyester Men's Casual Jacket - Olive ( Pack of 1 ),27,4.6
2026-02-15,Men Clothing,SCOLLER Polyester Men's Windcheater Jacket - Navy Blue ( Pack of 1 ),54,2.1
2026-02-15,Men Clothing,Kashian Denim Men's Denim Jacket - Black ( Pack of 1 ),36,1.4
2026-02-15,Women Clothing,Sheetal associates Women Polyester Printed Fit & Flare Dress ( Blue ),10,1.6
2026-02-15,Women Clothing,wanquila Women Lycra Solid Bodycon Dress ( Beige ),15,3.3
2026-02-15,Women Clothing,"KNOWZY Rayon Women Dupatta ( Magenta , Pack of 1 )",8,3.0
2026-02-15,Women Clothing,Sheetal associates Women Crepe Printed A-line Dress ( Orange ),37,4.5
2026-02-15,Women Clothing,Fabverse Women Lycra Solid Bodycon Dress ( Black ),11,3.1
2026-02-15,Women Clothing,Sheetal associates Women Crepe Printed Fit & Flare Dress ( White ),18,3.8
2026-02-15,Women Clothing,Fasanger Cotton Lycra Women's Shrugs - Blue ( ),22,2.0
2026-02-15,Women Clothing,TUHIRAJ Women Crepe Printed Gown ( Brown ),19,2.7
2026-02-15,Women Clothing,Sheetal associates Women Polyester Printed Fit & Flare Dress ( Brown ),45,2.2
2026-02-15,Women Clothing,THE LADIES FASHION Women Viscose Rayon Maxi ( White ),8,4.1
2026-02-15,Women Clothing,Sheetal associates Women Crepe Printed Shirt Dress ( Green ),30,3.1
2026-02-15,Women Clothing,JASH CREATION Women Cotton Blend Printed Fit & Flare Dress ( Pink ),45,2.7
2026-02-15,Women Clothing,Madhusudan Women Rayon Printed Ethnic Dress ( Pink ),42,2.9
2026-02-15,Women Clothing,Shri Hub Cotton Women White Salwar,10,4.3
2026-02-15,Women Clothing,Honky Tonky Women Polyester Self Design A-line Dress ( Pink ),13,3.0
2026-02-15,Women Clothing,Sheetal associates Women Crepe Printed Shirt Dress ( White ),11,2.1
2026-02-15,Women Clothing,Sheetal associates Women Crepe Printed A-line Dress ( White ),55,4.3
2026-02-15,Women Clothing,NIVESTANA Women Viscose Rayon Gown ( Purple ),25,4.4
2026-02-15,Women Clothing,PIYURZ Pack of 6 Poly Cotton Solid Women's Briefs ( Multi Color ),27,3.4
2026-02-15,Women Clothing,"BLYNK Lycra Petticoat ( Maroon , )",54,3.8
2026-02-15,Women Clothing,"BLYNK Lycra Petticoat ( Pink , )",13,4.3
2026-02-15,Women Clothing,"N-Gal Lycra Petticoat ( Black , )",49,3.5
2026-02-15,Women Clothing,Fasanger Cotton Lycra Women's Shrugs - White ( ),14,3.4
2026-02-15,Women Clothing,MAYRAAFASHION Net Self Design Regular Saree With Unstitched Blouse Piece ( Pink ),28,2.8
2026-02-15,Women Clothing,"TAMINA Black,White Cotton Blend Women's Flared Skirt ( Pack of 1 )",23,2.4
2026-02-15,Women Clothing,shrihub - Cotton Red Women's Semi Patiala Salwar ( Pack of 1 ),22,1.6
2026-02-15,Women Clothing,Vkaran Lycra Cut Outs Saree With Unstitched Blouse Piece ( Black ),43,2.4
2026-02-15,Women Clothing,Laadli Maroon Readymade without Pad Cotton Blend Women's Blouse ( Pack of 1 ),53,4.3
2026-02-15,Women Clothing,DOOZIE LOVEPLUS Pack of 6 Poly Cotton Printed Women's Hipster ( Multicolor ),30,3.7
2026-02-15,Women Clothing,Fasanger Women's Printed Cotton Blend Dungarees ( Yellow ),51,2.1
2026-02-15,Women Clothing,ALTECIA Women Net Indo-Western Semi Stitched Lehenga Choli ( Black ),44,2.3
2026-02-15,Women Clothing,Rajnandini Unstitched Cotton Blend Printed Dress Material - Multicolor 8 ( Pack of 1 ),21,4.0
2026-02-15,Women Clothing,Lecowar Women Fleece Hooded Sweatshirt For ( Maroon ),22,4.5
2026-02-15,Women Clothing,color bucket Women Net Circular Semi Stitched Lehenga Choli ( Beige ),54,3.3
2026-02-15,Women Clothing,Vibhagyaa Georgette Printed Saree With Unstitched Blouse Piece ( Black ),20,1.8
2026-02-15,Women Clothing,FIHA Womens Fishnet Bodystocking Crotchless Bodysuit Tights Soft Nightwear Lingerie,51,3.1
2026-02-15,Women Clothing,Parona Women Fleece Hooded Sweatshirt For ( Black ),40,2.2
2026-02-15,Women Clothing,PuriMaa White Organza Circular Semi Stitched Lehenga,39,3.7
2026-02-15,Women Clothing,Jivandhara Women Regular Jacket ( White ),53,4.2
2026-02-15,Women Clothing,THAWE PARIDHAN Women Cotton Blend Printed Oversized Fit Round Neck T-Shirt ( White ),9,4.7
2026-02-15,Women Clothing,"BLYNK Lycra Petticoat ( Multicoloured , )",42,1.8
2026-02-15,Women Clothing,"DELTIN HUB Polyester Petticoat ( Blue , )",47,3.6
2026-02-15,Women Clothing,POPWINGS Polyester Blend Women's Shrugs - Purple ( Single ),6,4.0
2026-02-15,Women Clothing,COMFY ATTIRE White Cotton Women's Flared Skirt ( Pack of 1 ),8,2.7
2026-02-15,Women Clothing,Laadli Black Readymade without Pad Cotton Blend Women's Blouse ( Pack of 1 ),28,1.7
2026-02-15,Women Clothing,"Ladyland Cotton Hipster ( Multicolor , Pack of 3 )",46,3.6
2026-02-15,Women Clothing,Kashtbhanjan Women Art Silk Straight Cut Unstitched Lehenga Choli ( Blue ),9,4.0
2026-02-15,Women Clothing,Lecowar Women Fleece Hooded Sweatshirt For ( Black ),30,4.4
2026-02-15,Women Clothing,PuriMaa Blue Organza Circular Semi Stitched Lehenga,44,1.2
2026-02-15,Women Clothing,Lecowar Women Fleece Hooded Sweatshirt For ( Maroon ),28,4.3
2026-02-15,Women Clothing,color bucket Blue Net Circular Semi Stitched Lehenga Single,18,3.4
2026-02-15,Women Clothing,Jyoti Traders Women Regular Jacket ( Black ),49,1.8
2026-02-15,Women Clothing,YUGAVEERAA Lycra Solid Regular Saree With Unstitched Blouse Piece ( Blue ),15,1.9
2026-02-15,Women Clothing,RIYA ENTERPRISE Chiffon Solid Regular Saree With Unstitched Blouse Piece ( Gold ),50,2.9
2026-02-15,Women Clothing,Mercel Brown Polyester Women's Nightwear Night Dress ( Pack of 1 ),26,3.6
2026-02-15,Women Clothing,ATIMUNA Gold Polyester Women Baby Doll Dress With Panty,27,4.3
2026-02-15,Women Clothing,"kramox pack of 2 (72 pcs) trips Double Sided Tape for Fashion, Clothing and Body | All Day Strength Invisible Dress Tape for women | Gentle to stick on Skin and clothes | Transparent",10,2.4
2026-02-15,Women Clothing,FIHA Womens Fishnet Bodystocking Crotchless Bodysuit Tights Soft Nightwear Lingerie,36,2.5
2026-02-15,Women Clothing,Today Deal Chiffon Self Design Saree With Unstitched Blouse Piece ( Black ),46,3.9
2026-02-15,Women Clothing,Suntex Lycra Embellished Chanderi saree With Unstitched Blouse Piece ( Maroon ),52,4.0
