Section,Product,Price,Discount,Rating,Scraped Date
Accessories,Blubby Multi Clutcher ( Pack of 1 ),213,24,4.2,2026-02-15
Accessories,Ezybe Self Adhesive Kichen Shelf Light Blue Plastic Storage Racks (Pack of 2),173,44,4.3,2026-02-15
Accessories,AUTOGROOMZ Windshield Only Double Clamp Car Mobile Holder - Black,217,41,4.4,2026-02-15
Accessories,"Portronics Clamp M3 Adjustable Car Mobile Phone Holder Stand for Dashboard & Windshield, 360degree Rotational, Strong Suction Cup, Compatible with 4 to 6 inch Devices(Black)",268,31,2.9,2026-02-15
Accessories,QitmirMKT NEW KEYCHAIN LIGHTER WITH HIGH POWER LIGHT Multicolor Multipurpose Car Cigarette Lighter ( Pack of 1 ),238,54,2.9,2026-02-15
Accessories,"5 In 1 Multi Pin Universal Portable Adapter And Car Mobile Charging Cable For (iPhone,Type C and Micro USB)",254,20,4.1,2026-02-15
Accessories,"delhideals Indian Flag for Car Dashboard, Office Table, Study Table & Drawing Table",195,40,2.7,2026-02-15
Accessories,GEEO Accu Pressure Bead Back / Lumbar Support Single Black,223,52,3.8,2026-02-15
Accessories,CRAYLUXE Accu Pressure Bead Back / Lumbar Support Single Black,538,39,3.0,2026-02-15
Accessories,"GEEO Universal Car Steering Knob, Car Steering Wheel Knob, Steering Wheel Spinner Knob, 360° Rotation Booster (3R Original)",331,46,2.8,2026-02-15
Accessories,Vertical9 Car Mobile Charger 3_in_1 cable Multicolour,240,50,3.2,2026-02-15
Accessories,Aksmit Premium Metal Key Cover Compitable for Maruti Suzuki Ignis,434,44,3.3,2026-02-15
Accessories,"Aksmit Pack of -1 Car Gear Knob Protector Gear Shifter Cover for Anti-Scratch Car Gear Knob Cover and Dust Proof Nonslip Gear Cover for Car Universal Fit Silicon Car Gear Knob Stylish- Black, Silicone Rubber",187,27,3.9,2026-02-15
Accessories,Aksmit 4 Pieces 12 LED DC 12V Multicolour Music Car Strip Atmosphere Lamp Light for Car Interior Under Dash Lighting Kit with Sound Active Function and Wireless Control,338,50,2.6,2026-02-15
Accessories,RONISH Neck Cushions Set of 2 Black,160,32,3.0,2026-02-15
Accessories,JAGIRA DIVINE TOUCH Multicolor Plastic Storage Racks ( Pack of 1 ),116,31,3.3,2026-02-15
Accessories,Anshri White Plastic Kitchen Dispenser ( Pack of 2 ),167,28,2.5,2026-02-15
Accessories,Digital Car Dashboard Alarm Clock and Stopwatch With Flexible Stand,180,46,4.0,2026-02-15
Accessories,Car Ashtrays Multi Color,176,22,2.7,2026-02-15
Accessories,RONISH Steering Cover Leatherite,395,40,3.2,2026-02-15
Footwear,Cozy Wear Black Men's Daily Slipper,183,21,3.3,2026-02-15
Footwear,Xtoon Grey Men's Outdoor Shoes,498,37,3.1,2026-02-15
Footwear,AROTEK Grey Men's Daily Slipper,191,24,4.2,2026-02-15
Footwear,Citipiti ind. Green Women's Flats,208,52,4.4,2026-02-15
Footwear,Stylestry Gray Women's Sandal Heels,518,20,3.3,2026-02-15
Footwear,Cozy Wear Brown Men's Daily Slipper,193,47,3.4,2026-02-15
Footwear,YOU LIkE Brown Men's Derby Formal Shoes,693,43,2.9,2026-02-15
Footwear,FUSEOWL Maroon Women's Flip Flop,171,24,3.8,2026-02-15
Footwear,PERY PAO Blue Men's Slide Flip Flop,226,35,3.2,2026-02-15
Footwear,YNP Design Collections Brown Women's Ethnic Ballerinas,411,51,2.8,2026-02-15
Footwear,Campus Oxyfit (N) Navy Blue Men's Slip-on Shoes,622,24,2.9,2026-02-15
Footwear,Cozy Wear Olive Men's Daily Slipper,193,35,2.5,2026-02-15
Footwear,hanuco Height Increasing Insoles,301,25,4.3,2026-02-15
Footwear,ROGZI Cream Polish Suitable for Neutral Color,181,36,3.8,2026-02-15
Footwear,BEE U NIK Black Men's Thong Flip Flop,176,25,4.1,2026-02-15
Footwear,Asian Black School Shoes for Boys,245,43,4.2,2026-02-15
Footwear,PENNEN Green Women's Flats,270,45,4.0,2026-02-15
Footwear,Cozy Wear Black Men's Daily Slipper,214,20,3.3,2026-02-15
Footwear,Squash Black Men's Thong Flip Flop,230,46,4.2,2026-02-15
Footwear,Radhe Creation Cream Polish Suitable for Black Color,197,24,3.0,2026-02-15
Kids Fashion,Cool and NIce kids Multi color Bermuda pack of 5,341,35,3.1,2026-02-15
Kids Fashion,"A.W.A KIDS FASHION Cotton Frock For Girls ( Pack of 1 , Blue )",382,47,3.7,2026-02-15
Kids Fashion,"A.W.A KIDS FASHION Cotton Blend Frock For Girls ( Pack of 1 , Pink )",382,30,4.0,2026-02-15
Kids Fashion,"A.W.A KIDS FASHION Cotton Blend Frock For Girls ( Pack of 1 , Light Blue )",382,40,2.7,2026-02-15
Kids Fashion,"Villata fashion Net Frock For Girls ( Pack of 1 , Red )",290,45,2.6,2026-02-15
Kids Fashion,"Arshia Fashions Net Lehenga Choli Sets For Girls ( , Blue )",381,27,2.8,2026-02-15
Kids Fashion,"Arshia Fashions Girls Cotton Blend Kurti with Sharara ( Pack of 1 , Pink )",561,20,3.1,2026-02-15
Kids Fashion,"Arshia Fashions Cotton Blend Shirt Dress For Girls ( Pack of 1 , Blue )",501,30,2.8,2026-02-15
Kids Fashion,"Nios Fashion Girls Cotton Polyester Jeans ( Pack of 2 , Multicolor 4 )",355,30,3.4,2026-02-15
Kids Fashion,Arshia Fashions Pack of 1 Boys Cotton Blend T-Shirt & Jeans Set ( Blue ),561,25,3.6,2026-02-15
Kids Fashion,KASEERA CUTE STYLISH AND TRENDING KIDS GYM VEST PACK OF 5,273,22,4.3,2026-02-15
Kids Fashion,"Villata fashion Net Frock For Girls ( Pack of 1 , White )",275,35,3.5,2026-02-15
Kids Fashion,NI FASHION Pack of 1 Boys Cotton Blend T-Shirt ( Maroon ),171,28,2.9,2026-02-15
Kids Fashion,"PMD Fashion Net Lehenga Choli Set For Girls ( Pack of 1 , Charcoal )",355,48,3.0,2026-02-15
Kids Fashion,"Arshia Fashions Polyester Shirt Dress For Girls ( Pack of 1 , Multicolor )",561,47,4.2,2026-02-15
Kids Fashion,"Villata fashion Net Frock For Girls ( Pack of 1 , Red )",331,51,4.0,2026-02-15
Kids Fashion,NAYPAL FASHION STYLE Pack of 1 Boys & Girls Cotton Blend T-Shirt ( Pink ),246,24,3.0,2026-02-15
Kids Fashion,"Arshia Fashions Polyester Blend Frock For Girls ( Pack of 1 , Red )",321,30,4.4,2026-02-15
Kids Fashion,"Villata fashion Net Frock For Girls ( Pack of 1 , Red )",281,54,3.1,2026-02-15
Kids Fashion,"Villata fashion Net Frock For Girls ( Pack of 1 , White )",331,53,3.3,2026-02-15
Men Clothing,TAZO Nylon Men's Windcheater Jacket - Blue ( Pack of 1 ),462,48,2.6,2026-02-15
Men Clothing,TrendsTalk Nylon Men's Windcheater Jacket - Gold ( Pack of 1 ),429,36,3.0,2026-02-15
Men Clothing,Reya Cotton Blend Men's Casual Jacket - Black ( Pack of 1 ),429,26,4.3,2026-02-15
Men Clothing,Montrez Cotton Blend Men's Casual Jacket - White ( Pack of 1 ),557,38,2.6,2026-02-15
Men Clothing,Mashaykh Polyester Men's Windcheater Jacket - White ( Pack of 1 ),682,23,2.6,2026-02-15
Men Clothing,eddicted Polyester Men's Puffer Jacket - Blue ( Pack of 1 ),582,36,3.7,2026-02-15
Men Clothing,Mashaykh Polyester Men's Windcheater Jacket - Black ( Pack of 1 ),657,40,2.7,2026-02-15
Men Clothing,eddicted Polyester Men's Puffer Jacket - Navy Blue ( Pack of 1 ),617,45,3.5,2026-02-15
Men Clothing,yellow tree Polyester Men's Casual Jacket - Black ( Pack of 1 ),685,30,3.0,2026-02-15
Men Clothing,eddicted Polyester Men's Quilted & Bomber Jacket - Maroon ( Pack of 1 ),617,41,4.1,2026-02-15
Men Clothing,Forbro Nylon Men's Windcheater Jacket - Black ( Pack of 1 ),598,22,3.5,2026-02-15
Men Clothing,IF-INDIAN FORT Polyester Men's Quilted & Bomber Jacket - Navy ( Pack of 1 ),658,52,2.9,2026-02-15
Men Clothing,yellow tree Polyester Men's Casual Jacket - White ( Pack of 1 ),704,49,3.1,2026-02-15
Men Clothing,Rigo Fleece Men's Casual Jacket - Grey ( Pack of 1 ),612,23,3.5,2026-02-15
Men Clothing,AZF Nylon Men's Casual Jacket - Wine ( Pack of 1 ),457,26,3.6,2026-02-15
Men Clothing,yellow tree Polyester Men's Casual Jacket - Multicolor ( Pack of 1 ),722,20,4.0,2026-02-15
Men Clothing,FTX Denim Men's Denim Jacket - Light Blue ( Pack of 1 ),557,46,3.6,2026-02-15
Men Clothing,eddicted Nylon Men's Biker Jacket - Grey ( Pack of 1 ),617,43,3.6,2026-02-15
Men Clothing,Montrez Cotton Blend Men's Casual Jacket - Olive ( Pack of 1 ),557,35,3.7,2026-02-15
Men Clothing,eddicted Nylon Men's Puffer Jacket - Maroon ( Pack of 1 ),617,45,3.1,2026-02-15
Women Clothing,Sheetal associates Women Polyester Printed Fit & Flare Dress ( Blue ),394,28,2.7,2026-02-15
Women Clothing,wanquila Women Lycra Solid Bodycon Dress ( Beige ),363,22,4.3,2026-02-15
Women Clothing,"KNOWZY Rayon Women Dupatta ( Magenta , Pack of 1 )",108,38,3.9,2026-02-15
Women Clothing,Sheetal associates Women Crepe Printed A-line Dress ( Orange ),339,35,3.3,2026-02-15
Women Clothing,Fabverse Women Lycra Solid Bodycon Dress ( Black ),319,48,4.0,2026-02-15
Women Clothing,Sheetal associates Women Crepe Printed Shirt Dress ( Green ),394,40,3.1,2026-02-15
Women Clothing,Shri Hub Cotton Women White Salwar,220,50,3.6,2026-02-15
Women Clothing,TUHIRAJ Women Crepe Printed Gown ( Brown ),470,32,4.3,2026-02-15
Women Clothing,Sheetal associates Women Polyester Printed Fit & Flare Dress ( Brown ),394,42,4.2,2026-02-15
Women Clothing,Madhusudan Women Rayon Printed Ethnic Dress ( Pink ),452,45,3.7,2026-02-15
Women Clothing,Sheetal associates Women Crepe Printed Fit & Flare Dress ( White ),394,50,2.8,2026-02-15
Women Clothing,JASH CREATION Women Cotton Blend Printed Fit & Flare Dress ( Pink ),356,49,4.1,2026-02-15
Women Clothing,Sheetal associates Women Crepe Printed Shirt Dress ( White ),394,40,3.3,2026-02-15
Women Clothing,ALTECIA Women Net Indo-Western Semi Stitched Lehenga Choli ( Black ),468,23,2.6,2026-02-15
Women Clothing,Honky Tonky Women Polyester Self Design A-line Dress ( Pink ),382,48,3.8,2026-02-15
Women Clothing,THE LADIES FASHION Women Viscose Rayon Maxi ( White ),391,26,3.9,2026-02-15
Women Clothing,Sheetal associates Women Crepe Printed A-line Dress ( White ),394,20,4.2,2026-02-15
Women Clothing,NIVESTANA Women Viscose Rayon Gown ( Purple ),393,49,2.7,2026-02-15
Women Clothing,shrihub - Cotton Red Women's Semi Patiala Salwar ( Pack of 1 ),210,30,4.3,2026-02-15
Women Clothing,MAYRAAFASHION Net Self Design Regular Saree With Unstitched Blouse Piece ( Pink ),448,37,3.3,2026-02-15
